timestamp,run_id,index,utilization.gpu,utilization.memory,memory.used,memory.total,power.draw,temperature.gpu
2026-09-25T22:08:29.927419+00:00,20260925T220829Z_short_c32_1aa656_unique,0,[N/A],[N/A],6128,40960,35.38,30
2026-09-25T22:08:29.927419+00:00,20260925T220829Z_short_c32_1aa656_unique,1,[N/A],[N/A],177,40960,34.48,29
2026-09-25T22:08:29.927419+00:00,20260925T220829Z_short_c32_1aa656_unique,2,[N/A],[N/A],177,40960,35.03,29
2026-09-25T22:08:31.001757+00:00,20260925T220829Z_short_c32_1aa656_unique,0,[N/A],[N/A],6128,40960,35.59,30
2026-09-25T22:08:31.001757+00:00,20260925T220829Z_short_c32_1aa656_unique,1,[N/A],[N/A],177,40960,34.48,29
2026-09-25T22:08:31.001757+00:00,20260925T220829Z_short_c32_1aa656_unique,2,[N/A],[N/A],177,40960,35.03,29
2026-09-25T22:08:32.076026+00:00,20260925T220829Z_short_c32_1aa656_unique,0,[N/A],[N/A],6130,40960,67.48,31
2026-09-25T22:08:32.076026+00:00,20260925T220829Z_short_c32_1aa656_unique,1,[N/A],[N/A],177,40960,34.46,29
2026-09-25T22:08:32.076026+00:00,20260925T220829Z_short_c32_1aa656_unique,2,[N/A],[N/A],177,40960,35.01,29
2026-09-25T22:08:33.151187+00:00,20260925T220829Z_short_c32_1aa656_unique,0,[N/A],[N/A],6130,40960,112.25,33
2026-09-25T22:08:33.151187+00:00,20260925T220829Z_short_c32_1aa656_unique,1,[N/A],[N/A],177,40960,34.55,29
2026-09-25T22:08:33.151187+00:00,20260925T220829Z_short_c32_1aa656_unique,2,[N/A],[N/A],177,40960,35.01,29
2026-09-25T22:08:34.223946+00:00,20260925T220829Z_short_c32_1aa656_unique,0,[N/A],[N/A],6130,40960,113.77,34
2026-09-25T22:08:34.223946+00:00,20260925T220829Z_short_c32_1aa656_unique,1,[N/A],[N/A],177,40960,34.46,29
2026-09-25T22:08:34.223946+00:00,20260925T220829Z_short_c32_1aa656_unique,2,[N/A],[N/A],177,40960,35.01,29
2026-09-25T22:08:35.319430+00:00,20260925T220829Z_short_c32_1aa656_unique,0,[N/A],[N/A],6130,40960,115.34,34
2026-09-25T22:08:35.319430+00:00,20260925T220829Z_short_c32_1aa656_unique,1,[N/A],[N/A],177,40960,34.46,29
2026-09-25T22:08:35.319430+00:00,20260925T220829Z_short_c32_1aa656_unique,2,[N/A],[N/A],177,40960,35.11,29
2026-09-25T22:08:36.406126+00:00,20260925T220829Z_short_c32_1aa656_unique,0,[N/A],[N/A],6130,40960,111.67,35
2026-09-25T22:08:36.406126+00:00,20260925T220829Z_short_c32_1aa656_unique,1,[N/A],[N/A],177,40960,34.46,29
2026-09-25T22:08:36.406126+00:00,20260925T220829Z_short_c32_1aa656_unique,2,[N/A],[N/A],177,40960,35.01,29
2026-09-25T22:08:37.492415+00:00,20260925T220829Z_short_c32_1aa656_unique,0,[N/A],[N/A],6130,40960,220.16,38
2026-09-25T22:08:37.492415+00:00,20260925T220829Z_short_c32_1aa656_unique,1,[N/A],[N/A],177,40960,34.53,29
2026-09-25T22:08:37.492415+00:00,20260925T220829Z_short_c32_1aa656_unique,2,[N/A],[N/A],177,40960,34.99,29
2026-09-25T22:08:38.563192+00:00,20260925T220829Z_short_c32_1aa656_unique,0,[N/A],[N/A],6130,40960,111.97,35
2026-09-25T22:08:38.563192+00:00,20260925T220829Z_short_c32_1aa656_unique,1,[N/A],[N/A],177,40960,34.46,29
2026-09-25T22:08:38.563192+00:00,20260925T220829Z_short_c32_1aa656_unique,2,[N/A],[N/A],177,40960,34.91,29
2026-09-25T22:08:39.658600+00:00,20260925T220829Z_short_c32_1aa656_unique,0,[N/A],[N/A],6130,40960,114.65,36
2026-09-25T22:08:39.658600+00:00,20260925T220829Z_short_c32_1aa656_unique,1,[N/A],[N/A],177,40960,34.56,29
2026-09-25T22:08:39.658600+00:00,20260925T220829Z_short_c32_1aa656_unique,2,[N/A],[N/A],177,40960,35.01,29
2026-09-25T22:08:40.729850+00:00,20260925T220829Z_short_c32_1aa656_unique,0,[N/A],[N/A],6130,40960,113.41,36
2026-09-25T22:08:40.729850+00:00,20260925T220829Z_short_c32_1aa656_unique,1,[N/A],[N/A],177,40960,34.46,29
2026-09-25T22:08:40.729850+00:00,20260925T220829Z_short_c32_1aa656_unique,2,[N/A],[N/A],177,40960,35.01,29
2026-09-25T22:08:41.799866+00:00,20260925T220829Z_short_c32_1aa656_unique,0,[N/A],[N/A],6130,40960,111.38,36
2026-09-25T22:08:41.799866+00:00,20260925T220829Z_short_c32_1aa656_unique,1,[N/A],[N/A],177,40960,34.56,29
2026-09-25T22:08:41.799866+00:00,20260925T220829Z_short_c32_1aa656_unique,2,[N/A],[N/A],177,40960,35.12,29
2026-09-25T22:08:42.872293+00:00,20260925T220829Z_short_c32_1aa656_unique,0,[N/A],[N/A],6130,40960,110.70,37
2026-09-25T22:08:42.872293+00:00,20260925T220829Z_short_c32_1aa656_unique,1,[N/A],[N/A],177,40960,34.46,29
2026-09-25T22:08:42.872293+00:00,20260925T220829Z_short_c32_1aa656_unique,2,[N/A],[N/A],177,40960,34.91,29
2026-09-25T22:08:43.944621+00:00,20260925T220829Z_short_c32_1aa656_unique,0,[N/A],[N/A],6130,40960,112.67,36
2026-09-25T22:08:43.944621+00:00,20260925T220829Z_short_c32_1aa656_unique,1,[N/A],[N/A],177,40960,34.46,29
2026-09-25T22:08:43.944621+00:00,20260925T220829Z_short_c32_1aa656_unique,2,[N/A],[N/A],177,40960,35.01,29
2026-09-25T22:08:45.015689+00:00,20260925T220829Z_short_c32_1aa656_unique,0,[N/A],[N/A],6130,40960,112.62,37
2026-09-25T22:08:45.015689+00:00,20260925T220829Z_short_c32_1aa656_unique,1,[N/A],[N/A],177,40960,34.46,29
2026-09-25T22:08:45.015689+00:00,20260925T220829Z_short_c32_1aa656_unique,2,[N/A],[N/A],177,40960,35.02,29
2026-09-25T22:08:46.086165+00:00,20260925T220829Z_short_c32_1aa656_unique,0,[N/A],[N/A],6130,40960,217.79,39
2026-09-25T22:08:46.086165+00:00,20260925T220829Z_short_c32_1aa656_unique,1,[N/A],[N/A],177,40960,34.52,29
2026-09-25T22:08:46.086165+00:00,20260925T220829Z_short_c32_1aa656_unique,2,[N/A],[N/A],177,40960,34.99,29
2026-09-25T22:08:47.156542+00:00,20260925T220829Z_short_c32_1aa656_unique,0,[N/A],[N/A],6130,40960,113.25,37
2026-09-25T22:08:47.156542+00:00,20260925T220829Z_short_c32_1aa656_unique,1,[N/A],[N/A],177,40960,34.46,29
2026-09-25T22:08:47.156542+00:00,20260925T220829Z_short_c32_1aa656_unique,2,[N/A],[N/A],177,40960,35.01,29
2026-09-25T22:08:48.239193+00:00,20260925T220829Z_short_c32_1aa656_unique,0,[N/A],[N/A],6130,40960,111.57,37
2026-09-25T22:08:48.239193+00:00,20260925T220829Z_short_c32_1aa656_unique,1,[N/A],[N/A],177,40960,34.56,29
2026-09-25T22:08:48.239193+00:00,20260925T220829Z_short_c32_1aa656_unique,2,[N/A],[N/A],177,40960,35.01,29
2026-09-25T22:08:49.315247+00:00,20260925T220829Z_short_c32_1aa656_unique,0,[N/A],[N/A],6130,40960,111.18,37
2026-09-25T22:08:49.315247+00:00,20260925T220829Z_short_c32_1aa656_unique,1,[N/A],[N/A],177,40960,34.46,29
2026-09-25T22:08:49.315247+00:00,20260925T220829Z_short_c32_1aa656_unique,2,[N/A],[N/A],177,40960,35.01,29
2026-09-25T22:08:50.385838+00:00,20260925T220829Z_short_c32_1aa656_unique,0,[N/A],[N/A],6130,40960,115.63,37
2026-09-25T22:08:50.385838+00:00,20260925T220829Z_short_c32_1aa656_unique,1,[N/A],[N/A],177,40960,34.46,29
2026-09-25T22:08:50.385838+00:00,20260925T220829Z_short_c32_1aa656_unique,2,[N/A],[N/A],177,40960,35.01,29
2026-09-25T22:08:51.484445+00:00,20260925T220829Z_short_c32_1aa656_unique,0,[N/A],[N/A],6130,40960,112.36,38
2026-09-25T22:08:51.484445+00:00,20260925T220829Z_short_c32_1aa656_unique,1,[N/A],[N/A],177,40960,34.46,29
2026-09-25T22:08:51.484445+00:00,20260925T220829Z_short_c32_1aa656_unique,2,[N/A],[N/A],177,40960,35.11,29
2026-09-25T22:08:52.579587+00:00,20260925T220829Z_short_c32_1aa656_unique,0,[N/A],[N/A],6130,40960,113.12,38
2026-09-25T22:08:52.579587+00:00,20260925T220829Z_short_c32_1aa656_unique,1,[N/A],[N/A],177,40960,34.46,29
2026-09-25T22:08:52.579587+00:00,20260925T220829Z_short_c32_1aa656_unique,2,[N/A],[N/A],177,40960,35.02,29
2026-09-25T22:08:53.651319+00:00,20260925T220829Z_short_c32_1aa656_unique,0,[N/A],[N/A],6130,40960,112.46,38
2026-09-25T22:08:53.651319+00:00,20260925T220829Z_short_c32_1aa656_unique,1,[N/A],[N/A],177,40960,34.75,29
2026-09-25T22:08:53.651319+00:00,20260925T220829Z_short_c32_1aa656_unique,2,[N/A],[N/A],177,40960,35.01,29
2026-09-25T22:08:54.725777+00:00,20260925T220829Z_short_c32_1aa656_unique,0,[N/A],[N/A],6130,40960,215.41,40
2026-09-25T22:08:54.725777+00:00,20260925T220829Z_short_c32_1aa656_unique,1,[N/A],[N/A],177,40960,34.36,29
2026-09-25T22:08:54.725777+00:00,20260925T220829Z_short_c32_1aa656_unique,2,[N/A],[N/A],177,40960,34.99,29
2026-09-25T22:08:55.809116+00:00,20260925T220829Z_short_c32_1aa656_unique,0,[N/A],[N/A],6130,40960,113.81,38
2026-09-25T22:08:55.809116+00:00,20260925T220829Z_short_c32_1aa656_unique,1,[N/A],[N/A],177,40960,34.46,29
2026-09-25T22:08:55.809116+00:00,20260925T220829Z_short_c32_1aa656_unique,2,[N/A],[N/A],177,40960,35.01,29
2026-09-25T22:08:56.878739+00:00,20260925T220829Z_short_c32_1aa656_unique,0,[N/A],[N/A],6130,40960,112.46,39
2026-09-25T22:08:56.878739+00:00,20260925T220829Z_short_c32_1aa656_unique,1,[N/A],[N/A],177,40960,34.46,29
2026-09-25T22:08:56.878739+00:00,20260925T220829Z_short_c32_1aa656_unique,2,[N/A],[N/A],177,40960,35.01,29
2026-09-25T22:08:57.950081+00:00,20260925T220829Z_short_c32_1aa656_unique,0,[N/A],[N/A],6130,40960,113.21,39
2026-09-25T22:08:57.950081+00:00,20260925T220829Z_short_c32_1aa656_unique,1,[N/A],[N/A],177,40960,34.36,29
2026-09-25T22:08:57.950081+00:00,20260925T220829Z_short_c32_1aa656_unique,2,[N/A],[N/A],177,40960,35.01,29
2026-09-25T22:08:59.032960+00:00,20260925T220829Z_short_c32_1aa656_unique,0,[N/A],[N/A],6130,40960,113.64,39
2026-09-25T22:08:59.032960+00:00,20260925T220829Z_short_c32_1aa656_unique,1,[N/A],[N/A],177,40960,34.36,29
2026-09-25T22:08:59.032960+00:00,20260925T220829Z_short_c32_1aa656_unique,2,[N/A],[N/A],177,40960,35.11,29
2026-09-25T22:09:00.105386+00:00,20260925T220829Z_short_c32_1aa656_unique,0,[N/A],[N/A],6130,40960,56.44,37
2026-09-25T22:09:00.105386+00:00,20260925T220829Z_short_c32_1aa656_unique,1,[N/A],[N/A],177,40960,34.36,29
2026-09-25T22:09:00.105386+00:00,20260925T220829Z_short_c32_1aa656_unique,2,[N/A],[N/A],177,40960,35.01,29
2026-09-25T22:09:01.178927+00:00,20260925T220829Z_short_c32_1aa656_unique,0,[N/A],[N/A],6130,40960,56.09,37
2026-09-25T22:09:01.178927+00:00,20260925T220829Z_short_c32_1aa656_unique,1,[N/A],[N/A],177,40960,34.38,29
2026-09-25T22:09:01.178927+00:00,20260925T220829Z_short_c32_1aa656_unique,2,[N/A],[N/A],177,40960,35.03,29
2026-09-25T22:09:02.249188+00:00,20260925T220829Z_short_c32_1aa656_unique,0,[N/A],[N/A],6130,40960,36.17,36
2026-09-25T22:09:02.249188+00:00,20260925T220829Z_short_c32_1aa656_unique,1,[N/A],[N/A],177,40960,34.38,29
2026-09-25T22:09:02.249188+00:00,20260925T220829Z_short_c32_1aa656_unique,2,[N/A],[N/A],177,40960,35.03,29
2026-09-25T22:09:03.322279+00:00,20260925T220829Z_short_c32_1aa656_unique,0,[N/A],[N/A],6130,40960,36.17,35
2026-09-25T22:09:03.322279+00:00,20260925T220829Z_short_c32_1aa656_unique,1,[N/A],[N/A],177,40960,34.48,29
2026-09-25T22:09:03.322279+00:00,20260925T220829Z_short_c32_1aa656_unique,2,[N/A],[N/A],177,40960,35.04,29
2026-09-25T22:09:04.396112+00:00,20260925T220829Z_short_c32_1aa656_unique,0,[N/A],[N/A],6130,40960,36.07,35
2026-09-25T22:09:04.396112+00:00,20260925T220829Z_short_c32_1aa656_unique,1,[N/A],[N/A],177,40960,34.38,29
2026-09-25T22:09:04.396112+00:00,20260925T220829Z_short_c32_1aa656_unique,2,[N/A],[N/A],177,40960,35.04,29
